Назва Установи / Середньорічні показники,Напрям,Установа,Підпорядкування,Регіон,ЄДРПОУ,Область,"Сума вагових коєфіцієнтів, I*",Середній бал Експерта,Зважена сумарна оцінка (80/20),Нормована зважена сумарна оцінка,Регіональний коєфіцієнт,Коєфіцієнт руйнувань,Попередня атестаційна оцінка,Група
Національний юридичний університет імені Ярослава Мудрого,Суспільний,Заклад вищої освіти,Міністерство освіти і науки України,"Донецька, Запорізька, Луганська, Миколаївська, Сумська, Харківська, Херсонська область",02071139,Харківська область,36.5469,6.1,30.4575,83.7868,1.1,1.298,100,А
Сумський державний університет,Суспільний,Заклад вищої освіти,Міністерство освіти і науки України,"Донецька, Запорізька, Луганська, Миколаївська, Сумська, Харківська, Херсонська область",05408289,Сумська область,43.689,7,36.3512,100,1.1,1,100,А
Національний університет біоресурсів і природокористування України,Суспільний,Заклад вищої освіти,Міністерство освіти і науки України,інші області,00493706,Київ,36.794,6.1333,30.6619,84.3491,1,1,84,А
Харківський національний університет імені В.Н. Каразіна,Суспільний,Заклад вищої освіти,Міністерство освіти і науки України,"Донецька, Запорізька, Луганська, Миколаївська, Сумська, Харківська, Херсонська область",02071205,Харківська область,30.0178,5.9667,25.2076,69.3446,1.1,1.06,81,А
Київський національний університет імені Тараса Шевченка,Суспільний,Заклад вищої освіти,Міністерство освіти і науки України,інші області,02070944,Київ,33.9394,6.5187,28.4553,78.2788,1,1.028,80,А
Національний університет «Києво-Могилянська академія»,Суспільний,Заклад вищої освіти,Міністерство освіти і науки України,інші області,16459396,Київ,32.7942,7.4333,27.722,76.2616,1,1,76,А
Харківський національний економічний університет імені Семена Кузнеця,Суспільний,Заклад вищої освіти,Міністерство освіти і науки України,"Донецька, Запорізька, Луганська, Миколаївська, Сумська, Харківська, Херсонська область",02071211,Харківська область,30.101,5.3667,25.1541,69.1974,1.1,1,76,А
Донецький національний університет імені Василя Стуса,Суспільний,Заклад вищої освіти,Міністерство освіти і науки України,"тимчасово переміщений НУ / ЗВО, що утримує матеріально-технічну базу за своєю юридичною адресою",02070803,Донецька область,28.7447,3.7,23.7358,65.2958,1.15,1,75,А
Одеський національний економічний університет,Суспільний,Заклад вищої освіти,Міністерство освіти і науки України,"Дніпропетровська, Одеська, Чернігівська область",02071079,Одеська область,28.4164,4.2667,23.5865,64.8851,1.05,1.068,73,Б
Волинський національний університет імені Лесі Українки,Суспільний,Заклад вищої освіти,Міністерство освіти і науки України,інші області,02125102,Волинська область,29.9882,4.4667,24.8839,68.4541,1,1,68,Б
Національний університет «Львівська політехніка»,Суспільний,Заклад вищої освіти,Міністерство освіти і науки України,інші області,02071010,Львівська область,29.16,5.9,24.508,67.4201,1,1,67,Б
"Державний університет ""Житомирська Політехніка"":",Суспільний,Заклад вищої освіти,Міністерство освіти і науки України,інші області,05407870,Житомирська область,28.9646,4.4,24.0517,66.1648,1,1,66,Б
Поліський національний університет,Суспільний,Заклад вищої освіти,Міністерство освіти і науки України,інші області,00493681,Житомирська область,27.9147,6.3,23.5918,64.8996,1,1,65,Б
Державний торговельно-економічний університет,Суспільний,Заклад вищої освіти,Міністерство освіти і науки України,інші області,44470624,Київ,27.5842,6.1667,23.3007,64.0988,1,1,64,Б
Національний університет водного господарства та природокористування,Суспільний,Заклад вищої освіти,Міністерство освіти і науки України,інші області,02071116,Рівненська область,28.0097,4.5,23.3078,64.1184,1,1,64,Б
Мелітопольський державний педагогічний університет імені Богдана Хмельницького,Суспільний,Заклад вищої освіти,Міністерство освіти і науки України,"тимчасово переміщений НУ / ЗВО, що утримує матеріально-технічну базу за своєю юридичною адресою",02125237,Запорізька область,23.649,4.5,19.8192,54.5214,1.15,1,63,Б
Національний технічний університет України «Київський політехнічний інститут імені Ігоря Сікорського»,Суспільний,Заклад вищої освіти,Міністерство освіти і науки України,інші області,02070921,Київ,26.9533,7,22.9626,63.1688,1,1,63,Б
Східноукраїнський національний університет імені Володимира Даля,Суспільний,Заклад вищої освіти,Міністерство освіти і науки України,"тимчасово переміщений НУ / ЗВО, що утримує матеріально-технічну базу за своєю юридичною адресою",02070714,Луганська область,23.3141,5.8333,19.8179,54.5179,1.15,1,63,Б
Західноукраїнський національний університет,Суспільний,Заклад вищої освіти,Міністерство освіти і науки України,інші області,33680120,Тернопільська область,24.6341,5.0333,20.7139,56.9827,1,1.089,62,Б
Запорізький національний університет,Суспільний,Заклад вищої освіти,Міністерство освіти і науки України,"Донецька, Запорізька, Луганська, Миколаївська, Сумська, Харківська, Херсонська область",02125243,Запорізька область,23.8331,4.9,20.0465,55.1467,1.1,1.004,61,Б
Сумський національний аграрний університет,Суспільний,Заклад вищої освіти,Міністерство освіти і науки України,"Донецька, Запорізька, Луганська, Миколаївська, Сумська, Харківська, Херсонська область",04718013,Сумська область,23.9585,4.8333,20.1335,55.3861,1.1,1,61,Б
Національний університет «Острозька академія»,Суспільний,Заклад вищої освіти,Міністерство освіти і науки України,інші області,22554101,Рівненська область,25.0733,4.963,21.0512,57.9106,1,1,58,Б
Харківський національний автомобільно-дорожній університет,Суспільний,Заклад вищої освіти,Міністерство освіти і науки України,"Донецька, Запорізька, Луганська, Миколаївська, Сумська, Харківська, Херсонська область",02071168,Харківська область,21.8615,5.5833,18.6059,51.1837,1.1,1.023,58,Б
Тернопільський національний технічний університет імені Івана Пулюя,Суспільний,Заклад вищої освіти,Міністерство освіти і науки України,інші області,05408102,Тернопільська область,24.6915,5.6,20.8732,57.4209,1,1,57,Б
Національний університет «Одеська юридична академія»,Суспільний,Заклад вищої освіти,Міністерство освіти і науки України,"Дніпропетровська, Одеська, Чернігівська область",20933314,Одеська область,22.748,6.0333,19.4051,53.3823,1.05,1,56,Б
Національний університет «Полтавська політехніка імені Юрія Кондратюка»,Суспільний,Заклад вищої освіти,Міністерство освіти і науки України,інші області,02071100,Полтавська область,23.9209,6,20.3367,55.9451,1,1,56,Б
Національний університет «Чернігівська політехніка»,Суспільний,Заклад вищої освіти,Міністерство освіти і науки України,"Дніпропетровська, Одеська, Чернігівська область",05460798,Чернігівська область,20.2338,3.9583,16.9787,46.7074,1.05,1.151,56,Б
Луцький національний технічний університет,Суспільний,Заклад вищої освіти,Міністерство освіти і науки України,інші області,05477296,Волинська область,23.4263,5.5667,19.8544,54.6183,1,1,55,Б
Вінницький державний педагогічний університет імені Михайла Коцюбинського,Суспільний,Заклад вищої освіти,Міністерство освіти і науки України,інші області,02125094,Вінницька область,23.1399,4.7,19.4519,53.511,1,1,54,Б
Національний технічний університет «Дніпровська політехніка»,Суспільний,Заклад вищої освіти,Міністерство освіти і науки України,"Дніпропетровська, Одеська, Чернігівська область",02070743,Дніпропетровська область,21.7982,6.4,18.7186,51.4938,1.05,1,54,Б
Київський національний економічний університет імені Вадима Гетьмана,Суспільний,Заклад вищої освіти,Міністерство освіти і науки України,інші області,02070884,Київ,22.7439,6.1667,19.4285,53.4467,1,1,53,Б
Дрогобицький державний педагогічний університет імені Івана Франка,Суспільний,Заклад вищої освіти,Міністерство освіти і науки України,інші області,02125438,Львівська область,22.3625,5.4333,18.9767,52.2038,1,1,52,Б
Полтавський державний аграрний університет,Суспільний,Заклад вищої освіти,Міністерство освіти і науки України,інші області,00493014,Полтавська область,22.6312,4.815,19.068,52.4549,1,1,52,Б
Чорноморський національний університет імені Петра Могили,Суспільний,Заклад вищої освіти,Міністерство освіти і науки України,"Донецька, Запорізька, Луганська, Миколаївська, Сумська, Харківська, Херсонська область",23623471,Миколаївська область,20.2685,4.4667,17.1081,47.0634,1.1,1.011,52,Б
Мукачівський державний університет,Суспільний,Заклад вищої освіти,Міністерство освіти і науки України,інші області,36246368,Закарпатська область,21.8081,5.5667,18.5598,51.0569,1,1,51,Б
Таврійський державний агротехнологічний університет імені Дмитра Моторного,Суспільний,Заклад вищої освіти,Міністерство освіти і науки України,"тимчасово переміщений НУ / ЗВО, що утримує матеріально-технічну базу за своєю юридичною адресою",00493698,Запорізька область,18.8321,4.8097,16.0276,44.091,1.15,1,51,Б
Київський національний університет технологій та дизайну,Суспільний,Заклад вищої освіти,Міністерство освіти і науки України,інші області,02070890,Київ,21.7482,4.6333,18.3252,50.4115,1,1,50,Б
Одеський національний університет імені І.І. Мечникова,Суспільний,Заклад вищої освіти,Міністерство освіти і науки України,"Дніпропетровська, Одеська, Чернігівська область",02071091,Одеська область,19.2946,6.8147,16.7986,46.212,1.05,1,49,В
Херсонський державний університет,Суспільний,Заклад вищої освіти,Міністерство освіти і науки України,"тимчасово переміщений НУ / ЗВО, що утримує матеріально-технічну базу за своєю юридичною адресою",02125609,Херсонська область,18.0101,3.8,15.1681,41.7265,1.15,1,48,В
"Державний вищий навчальний заклад ""Ужгородський національний університет""",Суспільний,Заклад вищої освіти,Міністерство освіти і науки України,інші області,02070832,Закарпатська область,19.6728,4.7777,16.6938,45.9237,1,1,46,В
Дніпровський національний університет імені Олеся Гончара,Суспільний,Заклад вищої освіти,Міністерство освіти і науки України,"Дніпропетровська, Одеська, Чернігівська область",02066747,Дніпропетровська область,18.4896,4.9523,15.7821,43.4156,1.05,1,46,В
"Національний університет ""Одеська політехніка""",Суспільний,Заклад вищої освіти,Міністерство освіти і науки України,"Дніпропетровська, Одеська, Чернігівська область",43861328,Одеська область,18.3161,5.5333,15.7595,43.3535,1.05,1,46,В
Херсонський національний технічний університет,Суспільний,Заклад вищої освіти,Міністерство освіти і науки України,"тимчасово переміщений НУ / ЗВО, що утримує матеріально-технічну базу за своєю юридичною адресою",05480298,Херсонська область,16.7409,5.889,14.5705,40.0826,1.15,1,46,В
Державний вищий навчальний заклад «Приазовський державний технічний університет»,Суспільний,Заклад вищої освіти,Міністерство освіти і науки України,"тимчасово переміщений НУ / ЗВО, що утримує матеріально-технічну базу за своєю юридичною адресою",02070812,Донецька область,17.2153,2.6333,14.2989,39.3354,1.15,1,45,В
Херсонський державний аграрно-економічний університет,Суспільний,Заклад вищої освіти,Міністерство освіти і науки України,"тимчасово переміщений НУ / ЗВО, що утримує матеріально-технічну базу за своєю юридичною адресою",00493020,Херсонська область,14.2809,4.889,12.4025,34.1185,1.15,1.142,45,В
Чернівецький національний університет імені Юрія Федьковича,Суспільний,Заклад вищої освіти,Міністерство освіти і науки України,інші області,02071240,Чернівецька область,19.1949,5.5667,16.4693,45.3061,1,1,45,В
Бердянський державний педагогічний університет,Суспільний,Заклад вищої освіти,Міністерство освіти і науки України,"тимчасово переміщений НУ / ЗВО, що утримує матеріально-технічну базу за своєю юридичною адресою",02125220,Запорізька область,16.0962,4.1,13.697,37.6796,1.15,1,43,В
ДВНЗ «Донбаський державний педагогічний університет»,Суспільний,Заклад вищої освіти,Міністерство освіти і науки України,"тимчасово переміщений НУ / ЗВО, що утримує матеріально-технічну базу за своєю юридичною адресою",38177113,Донецька область,15.3366,4.926,13.2545,36.4623,1.15,1,42,В
Тернопільський національний педагогічний університет імені Володимира Гнатюка,Суспільний,Заклад вищої освіти,Міністерство освіти і науки України,інші області,02125544,Тернопільська область,17.388,6.4,15.1904,41.7879,1,1,42,В
"Державний заклад ""Луганський національний університет імені Тараса Шевченка""",Суспільний,Заклад вищої освіти,Міністерство освіти і науки України,"тимчасово переміщений НУ / ЗВО, що утримує матеріально-технічну базу за своєю юридичною адресою",02125131,Луганська область,14.6561,6,12.9249,35.5556,1.15,1,41,В
Маріупольський державний університет,Суспільний,Заклад вищої освіти,Міністерство освіти і науки України,"тимчасово переміщений НУ / ЗВО, що утримує матеріально-технічну базу за своєю юридичною адресою",26593428,Донецька область,14.8274,6.1,13.0819,35.9875,1.15,1,41,В
Миколаївський національний аграрний університет,Суспільний,Заклад вищої освіти,Міністерство освіти і науки України,"Донецька, Запорізька, Луганська, Миколаївська, Сумська, Харківська, Херсонська область",00497213,Миколаївська область,16.2215,3.2917,13.6355,37.5105,1.1,1,41,В
Сумський державний педагогічний університет імені А. С. Макаренка,Суспільний,Заклад вищої освіти,Міністерство освіти і науки України,"Донецька, Запорізька, Луганська, Миколаївська, Сумська, Харківська, Херсонська область",02125510,Сумська область,15.4648,5.5,13.4718,37.0601,1.1,1,41,В
Білоцерківський національний аграрний університет,Суспільний,Заклад вищої освіти,Міністерство освіти і науки України,інші області,00493712,Київська область,17.0442,5,14.6354,40.2611,1,1,40,В
"Державне некомерційне підприємство ""Державний Університет ""Київський авіаційний інститут""",Суспільний,Заклад вищої освіти,Міністерство освіти і науки України,інші області,45853942,Київ,17.5623,3.1483,14.6795,40.3824,1,1,40,В
Національний університет харчових технологій,Суспільний,Заклад вищої освіти,Міністерство освіти і науки України,інші області,02070938,Київ,17.298,2.7083,14.3801,39.5588,1,1,40,В
Університет митної справи та фінансів,Суспільний,Заклад вищої освіти,Міністерство освіти і науки України,"Дніпропетровська, Одеська, Чернігівська область",39568620,Дніпропетровська область,16.0998,5.3,13.9398,38.3476,1.05,1,40,В
Прикарпатський національний університет імені Василя Стефаника,Суспільний,Заклад вищої освіти,Міністерство освіти і науки України,інші області,02125266,Івано-Франківська область,15.9024,5.7667,13.8753,38.1701,1,1,38,В
Київський національний університет будівництва і архітектури,Суспільний,Заклад вищої освіти,Міністерство освіти і науки України,інші області,02070909,Київ,14.6764,6.4073,13.0226,35.8244,1,1,36,В
Університет Григорія Сковороди в Переяславі,Суспільний,Заклад вищої освіти,Міністерство освіти і науки України,інші області,04543387,Київська область,15.4659,4.4287,13.2585,36.4733,1,1,36,В
Харківський національний педагогічний університет імені Г. С. Сковороди­,Суспільний,Заклад вищої освіти,Міністерство освіти і науки України,"Донецька, Запорізька, Луганська, Миколаївська, Сумська, Харківська, Херсонська область",02125585,Харківська область,13.5164,4.8333,11.7798,32.4055,1.1,1.016,36,В
Ізмаїльський державний гуманітарний університет,Суспільний,Заклад вищої освіти,Міністерство освіти і науки України,"Дніпропетровська, Одеська, Чернігівська область",02125467,Одеська область,14.4759,3.3333,12.2474,33.6919,1.05,1,35,В
Національний університет “Запорізька політехніка”,Суспільний,Заклад вищої освіти,Міністерство освіти і науки України,"Донецька, Запорізька, Луганська, Миколаївська, Сумська, Харківська, Херсонська область",02070849,Запорізька область,13.207,3.5553,11.2767,31.0215,1.1,1,34,В
ДВНЗ «Донецький національний технічний університет»,Суспільний,Заклад вищої освіти,Міністерство освіти і науки України,"тимчасово переміщений НУ / ЗВО, що утримує матеріально-технічну базу за своєю юридичною адресою",02070826,Донецька область,11.4343,7.0557,10.5586,29.0461,1.15,1,33,В
Державний університет інфраструктури та технологій,Суспільний,Заклад вищої освіти,Міністерство освіти і науки України,інші області,41330257,Київ,13.7652,4.8667,11.9855,32.9714,1,1,33,В
ЦЕНТРАЛЬНОУКРАЇНСЬКИЙ ДЕРЖАВНИЙ УНІВЕРСИТЕТ ІМЕНІ ВОЛОДИМИРА ВИННИЧЕНКА,Суспільний,Заклад вищої освіти,Міністерство освіти і науки України,інші області,02125415,Кіровоградська область,14.0538,4.5333,12.1497,33.4231,1,1,33,В
"Державний заклад ""Південноукраїнський національний педагогічний університет імені К. Д. Ушинського""",Суспільний,Заклад вищої освіти,Міністерство освіти і науки України,"Дніпропетровська, Одеська, Чернігівська область",02125473,Одеська область,12.5585,4.6,10.9668,30.169,1.05,1,32,В
Національний університет фізичного виховання і спорту України,Суспільний,Заклад вищої освіти,Міністерство освіти і науки України,інші області,02928433,Київ,13.0329,5.7333,11.573,31.8366,1,1,32,В
Одеський державний аграрний університет,Суспільний,Заклад вищої освіти,Міністерство освіти і науки України,"Дніпропетровська, Одеська, Чернігівська область",00493008,Одеська область,12.5123,4.7333,10.9565,30.1407,1.05,1,32,В
Хмельницький національний університет,Суспільний,Заклад вищої освіти,Міністерство освіти і науки України,інші області,02071234,Хмельницька область,13.1808,5.4283,11.6303,31.9943,1,1,32,В
Дніпровський державний аграрно-економічний університет,Суспільний,Заклад вищої освіти,Міністерство освіти і науки України,"Дніпропетровська, Одеська, Чернігівська область",00493675,Дніпропетровська область,12.4297,4.4167,10.8271,29.7847,1.05,1,31,В
Криворізький державний педагогічний університет,Суспільний,Заклад вищої освіти,Міністерство освіти і науки України,"Дніпропетровська, Одеська, Чернігівська область",40787802,Дніпропетровська область,12.5816,3.0333,10.6719,29.3578,1.05,1.008,31,В
Криворізький національний університет,Суспільний,Заклад вищої освіти,Міністерство освіти і науки України,"Дніпропетровська, Одеська, Чернігівська область",37664469,Дніпропетровська область,12.176,3.3703,10.4149,28.6508,1.05,1.022,31,В
Уманський державний педагогічний університет імені Павла Тичини,Суспільний,Заклад вищої освіти,Міністерство освіти і науки України,інші області,02125639,Черкаська область,12.9937,5.0667,11.4083,31.3836,1,1,31,В
Національний транспортний університет,Суспільний,Заклад вищої освіти,Міністерство освіти і науки України,інші області,02070915,Київ,12.096,5.3333,10.7435,29.5547,1,1,30,В
Придніпровська державна академія фізичної культури і спорту,Суспільний,Заклад вищої освіти,Міністерство освіти і науки України,"Дніпропетровська, Одеська, Чернігівська область",55407112,Дніпропетровська область,11.5565,4.9333,10.2319,28.1474,1.05,1.023,30,В
Одеська державна академія будівництва та архітектури,Суспільний,Заклад вищої освіти,Міністерство освіти і науки України,"Дніпропетровська, Одеська, Чернігівська область",02071033,Одеська область,10.745,6.5553,9.9071,27.2538,1.05,1,29,В
Глухівський національний педагогічний університет імені Олександра Довженка,Суспільний,Заклад вищої освіти,Міністерство освіти і науки України,"Донецька, Запорізька, Луганська, Миколаївська, Сумська, Харківська, Херсонська область",02125527,Сумська область,9.7419,6.4,9.0735,24.9607,1.1,1.013,28,В
Львівський державний університет фізичної культури імені Івана Боберського,Суспільний,Заклад вищої освіти,Міністерство освіти і науки України,інші області,34606048,Львівська область,12.2451,2.5667,10.3094,28.3605,1,1,28,В
Центральноукраїнський національний технічний університет,Суспільний,Заклад вищої освіти,Міністерство освіти і науки України,інші області,02070950,Кіровоградська область,11.4431,5.7617,10.3068,28.3534,1,1,28,В
Черкаський державний технологічний університет,Суспільний,Заклад вищої освіти,Міністерство освіти і науки України,інші області,05390336,Черкаська область,11.5244,4.4443,10.1084,27.8076,1,1,28,В
Львівський національний університет імені Івана Франка,Суспільний,Заклад вищої освіти,Міністерство освіти і науки України,інші області,02070987,Львівська область,10.6629,5.7777,9.6859,26.6453,1,1,27,В
Уманський національний університет садівництва,Суспільний,Заклад вищої освіти,Міністерство освіти і науки України,інші області,00493787,Черкаська область,11.4266,3.7917,9.8996,27.2332,1,1,27,В
Житомирський державний університет імені Івана Франка,Суспільний,Заклад вищої освіти,Міністерство освіти і науки України,інші області,02125208,Житомирська область,9.982,6.4667,9.2789,25.5257,1,1,26,В
Національний університет «Одеська морська академія»,Суспільний,Заклад вищої освіти,Міністерство освіти і науки України,"Дніпропетровська, Одеська, Чернігівська область",01127799,Одеська область,10.1507,4.7333,9.0672,24.9433,1.05,1,26,В
Ніжинський державний університет імені Миколи Гоголя,Суспільний,Заклад вищої освіти,Міністерство освіти і науки України,"Дніпропетровська, Одеська, Чернігівська область",02125668,Чернігівська область,10.1915,4.5717,9.0675,24.9442,1.05,1,26,В
Одеський національний технологічний університет,Суспільний,Заклад вищої освіти,Міністерство освіти і науки України,"Дніпропетровська, Одеська, Чернігівська область",02071062,Одеська область,10.094,5.2333,9.1219,25.0938,1.05,1,26,В
Київський університет права Національної академії наук України,Суспільний,Заклад вищої освіти,Національна академія наук України,інші області,23745145,Київ,10.087,5.7333,9.2163,25.3535,1,1,25,В
Київський національний лінгвістичний університет,Суспільний,Заклад вищої освіти,Міністерство освіти і науки України,інші області,02125289,Київ,9.1253,4.75,8.2502,22.6958,1,1,23,Г
Харківська державна академія фізичної культури,Суспільний,Заклад вищої освіти,Міністерство освіти і науки України,"Донецька, Запорізька, Луганська, Миколаївська, Сумська, Харківська, Херсонська область",02928261,Харківська область,7.9598,4.8333,7.3345,20.1768,1.1,1,22,Г
Національний лісотехнічний університет України,Суспільний,Заклад вищої освіти,Міністерство освіти і науки України,інші області,02070996,Львівська область,7.7638,4.963,7.2036,19.8167,1,1,20,Г
Рівненський державний гуманітарний університет,Суспільний,Заклад вищої освіти,Міністерство освіти і науки України,інші області,25736989,Рівненська область,8.1669,4,7.3335,20.174,1,1,20,Г
Черкаський національний університет імені Богдана Хмельницького,Суспільний,Заклад вищої освіти,Міністерство освіти і науки України,інші області,02125622,Черкаська область,8.5276,2.3667,7.2954,20.0692,1,1,20,Г
"ЗАКЛАД ВИЩОЇ ОСВІТИ ""ПОДІЛЬСЬКИЙ ДЕРЖАВНИЙ УНІВЕРСИТЕТ""",Суспільний,Заклад вищої освіти,Міністерство освіти і науки України,інші області,22769675,Хмельницька область,7.3066,5.9047,7.0262,19.3287,1,1,19,Г
Херсонська державна морська академія,Суспільний,Заклад вищої освіти,Міністерство освіти і науки України,"тимчасово переміщений НУ / ЗВО, що утримує матеріально-технічну базу за своєю юридичною адресою",35219930,Херсонська область,6.2131,5.5,6.0705,16.6996,1.15,1,19,Г
Український державний університет залізничного транспорту,Суспільний,Заклад вищої освіти,Міністерство освіти і науки України,"Донецька, Запорізька, Луганська, Миколаївська, Сумська, Харківська, Херсонська область",01116472,Харківська область,6.4247,2.7333,5.6864,15.6429,1.1,1.008,17,Г
Державний заклад вищої освіти Університет менеджменту освіти НАПН України,Суспільний,Заклад вищої освіти,Національна академія педагогічних наук України,інші області,35830447,Київ,5.8532,5.7,5.8226,16.0176,1,1,16,Г
Донбаська державна машинобудівна академія,Суспільний,Заклад вищої освіти,Міністерство освіти і науки України,"тимчасово переміщений НУ / ЗВО, що утримує матеріально-технічну базу за своєю юридичною адресою",02070789,Донецька область,3.8696,5.7,4.2357,11.6522,1.15,1,13,Г
Одеський національний морський університет,Суспільний,Заклад вищої освіти,Міністерство освіти і науки України,"Дніпропетровська, Одеська, Чернігівська область",01127777,Одеська область,3.9607,4.857,4.14,11.3889,1.05,1,12,Г
"Комунальний заклад вищої освіти ""Дніпровська академія неперервної освіти"" Дніпропетровської обласної ради""",Суспільний,Заклад вищої освіти,Дніпропетровська обласна рада,"Дніпропетровська, Одеська, Чернігівська область",41682253,Дніпропетровська область,3.893,3.0667,3.7277,10.2547,1.05,1,11,Г
Львівський національний університет ветеринарної медицини та біотехнологій імені С.З. Гжицького,Суспільний,Заклад вищої освіти,Міністерство освіти і науки України,інші області,00492990,Львівська область,3.9967,2.6,3.7174,10.2263,1,1,10,Г
Таврійський національний університет імені В.І. Вернадського,Суспільний,Заклад вищої освіти,Міністерство освіти і науки України,інші області,02070967,Київ,3.0704,6.0333,3.663,10.0767,1,1,10,Г
ІНСТИТУТ ЕКОНОМІКИ ПРОМИСЛОВОСТІ НАЦІОНАЛЬНОЇ АКАДЕМІЇ НАУК УКРАЇНИ,Суспільний,Наукова установа,Національна академія наук України,інші області,05420557,Київ,24.1773,7.111,20.764,100,1,1,100,А
Державна наукова установа «Інститут освітньої аналітики»,Суспільний,Наукова установа,Міністерство освіти і науки України,інші області,39817791,Київ,24.2992,5.2777,20.4949,98.704,1,1,99,А
Науково-дослідний центр індустріальних проблем розвитку НАН України,Суспільний,Наукова установа,Національна академія наук України,"Донецька, Запорізька, Луганська, Миколаївська, Сумська, Харківська, Херсонська область",05481984,Харківська область,21.5293,7.111,18.6456,89.7977,1.1,1,99,А
"Державна установа ""Інститут ринку і економіко-екологічних досліджень Національної академії наук України""",Суспільний,Наукова установа,Національна академія наук України,"Дніпропетровська, Одеська, Чернігівська область",01209765,Одеська область,22.1926,6.1907,18.9922,91.467,1.05,1,96,А
ДУ Інститут економіки та прогнозування НАН України,Суспільний,Наукова установа,Національна академія наук України,інші області,25199155,Київ,22.8559,6.1,19.5047,93.9352,1,1,94,А
"Державна установа ""Інститут регіональних досліджень імені М.І. Долішнього Національної академії наук України""",Суспільний,Наукова установа,Національна академія наук України,інші області,05539979,Львівська область,22.3,6.2917,19.0983,91.9779,1,1,92,А
ІНСТИТУТ ЦИФРОВІЗАЦІЇ ОСВІТИ НАЦІОНАЛЬНОЇ АКАДЕМІЇ ПЕДАГОГІЧНИХ НАУК УКРАЇНИ,Суспільний,Наукова установа,Національна академія педагогічних наук України,інші області,25761786,Київ,22.2178,6.9447,19.1632,92.2905,1,1,92,А
Інститут соціальної та політичної психології Національної академії педагогічних наук України,Суспільний,Наукова установа,Національна академія педагогічних наук України,інші області,21600715,Київ,22.0537,6,18.843,90.7484,1,1,91,А
Інститут держави і права імені В.М. Корецького НАН України,Суспільний,Наукова установа,Національна академія наук України,інші області,05417130,Київ,20.5097,6.3667,17.6811,85.1527,1,1,85,А
Інститут географії Національної академії наук України,Суспільний,Наукова установа,Національна академія наук України,інші області,05540402,Київ,21.0619,3.4667,17.5429,84.4871,1,1,84,А
"Державна установа ""Інститут економіко-правових досліджень імені В.К. Мамутова Національної академії наук України""",Суспільний,Наукова установа,Національна академія наук України,інші області,13530946,Донецька область,18.5766,5.8,16.0213,77.159,1,1,77,А
ІНСТИТУТ ВИЩОЇ ОСВІТИ НАЦІОНАЛЬНОЇ АКАДЕМІЇ ПЕДАГОГІЧНИХ НАУК УКРАЇНИ,Суспільний,Наукова установа,Національна академія педагогічних наук України,інші області,21707620,Київ,18.203,6.1333,15.7891,76.0407,1,1,76,А
ІНСТИТУТ ДЕМОГРАФІЇ ТА ПРОБЛЕМ ЯКОСТІ ЖИТТЯ НАЦІОНАЛЬНОЇ АКАДЕМІЇ НАУК УКРАЇНИ,Суспільний,Наукова установа,Національна академія наук України,інші області,37404013,Київ,18.0288,6.4667,15.7164,75.6906,1,1,76,А
НАЦІОНАЛЬНИЙ НАУКОВИЙ ЦЕНТР ІНСТИТУТ АГРАРНОЇ ЕКОНОМІКИ,Суспільний,Наукова установа,Національна академія аграрних наук України,інші області,00496805,Київ,17.3997,6.5333,15.2264,73.3308,1,1,73,Б
Інститут педагогічної освіти і освіти дорослих імені Івана Зязюна Національної академії педагогічних наук України,Суспільний,Наукова установа,Національна академія педагогічних наук України,інші області,21593122,Київ,17.2557,4.9443,14.7934,71.2454,1,1,71,Б
Науково-дослідний інститут вивчення проблем злочинності імені академіка В.В. Сташиса Національної академії правових наук України,Суспільний,Наукова установа,Національна академія правових наук України,"Донецька, Запорізька, Луганська, Миколаївська, Сумська, Харківська, Херсонська область",23464860,Харківська область,14.2976,6.4763,12.7333,61.3239,1.1,1,67,Б
Державна науково-технічна бібліотека України,Суспільний,Наукова установа,Міністерство освіти і науки України,інші області,02736372,Київ,15.9602,4.7313,13.7144,66.0489,1,1,66,Б
Інститут педагогіки Національної академії педагогічних наук України,Суспільний,Наукова установа,Національна академія педагогічних наук України,інші області,02141221,Київ,15.3946,4.0667,13.129,63.2296,1,1,63,Б
"Державна наукова установа ""Інститут інформації, безпеки і права Національної академії правових наук України""",Суспільний,Наукова установа,Національна академія правових наук України,інші області,25959933,Київ,13.8708,6.1333,12.3233,59.3494,1,1,59,Б
Науково-дослідний інститут правового забезпечення інноваційного розвитку Національної академії правових наук України,Суспільний,Наукова установа,Національна академія правових наук України,"Донецька, Запорізька, Луганська, Миколаївська, Сумська, Харківська, Херсонська область",36988898,Харківська область,12.2583,6.0477,11.0162,53.0543,1.1,1,58,Б
ІНСТИТУТ ПРОФЕСІЙНОЇ ОСВІТИ НАЦІОНАЛЬНОЇ АКАДЕМІЇ ПЕДАГОГІЧНИХ НАУК УКРАЇНИ,Суспільний,Наукова установа,Національна академія педагогічних наук України,інші області,34288275,Київ,13.5087,6.4763,12.1022,58.2845,1,1,58,Б
Науково-дослідний інститут державного будівництва та місцевого самоврядування Національної академії правових наук України,Суспільний,Наукова установа,Національна академія правових наук України,"Донецька, Запорізька, Луганська, Миколаївська, Сумська, Харківська, Херсонська область",25858474,Харківська область,11.1932,7.0833,10.3712,49.948,1.1,1,55,Б
Інститут соціології НАН України,Суспільний,Наукова установа,Національна академія наук України,інші області,02030293,Київ,12.6969,5.1113,11.1798,53.8422,1,1,54,Б
УКРАЇНСЬКИЙ НАУКОВО-МЕТОДИЧНИЙ ЦЕНТР ПРАКТИЧНОЇ ПСИХОЛОГІЇ І СОЦІАЛЬНОЇ РОБОТИ,Суспільний,Наукова установа,Національна академія педагогічних наук України,інші області,30022018,Київ,11.9424,7,10.9539,52.7543,1,1,53,Б
Інститут спеціальної педагогіки і психології імені Миколи Ярмаченко Національної академії педагогічних наук України,Суспільний,Наукова установа,Національна академія педагогічних наук України,інші області,21560861,Київ,12.1715,6.2917,10.9955,52.9546,1,1,53,Б
"Національний науковий центр ""Інститут судових експертиз ім. Засл. проф. М.С. Бокаріуса""",Суспільний,Наукова установа,Міністерство юстиції України,"Донецька, Запорізька, Луганська, Миколаївська, Сумська, Харківська, Херсонська область",02883133,Харківська область,10.7887,5.2,9.671,46.5758,1.1,1,51,Б
"Державна навчально-наукова установа ""Академія фінансового управління""",Суспільний,Наукова установа,Міністерство фінансів України,інші області,35531764,Київ,10.5171,5.381,9.4899,45.7036,1,1,46,В
Науково-дослідний інститут приватного права і підприємництва імені академіка Ф.Г. Бурчака НАПрН України,Суспільний,Наукова установа,Національна академія правових наук України,інші області,19485263,Київ,10.679,5,9.5432,45.9603,1,1,46,В
Інститут землекористування НААН України,Суспільний,Наукова установа,Національна академія аграрних наук України,інші області,20589035,Київ,9.9041,6.4443,9.2121,44.3657,1,1,44,В
ІНСТИТУТ ПОЛІТИЧНИХ І ЕТНОНАЦІОНАЛЬНИХ ДОСЛІДЖЕНЬ ІМ. І.Ф. КУРАСА НАН УКРАЇНИ,Суспільний,Наукова установа,Національна академія наук України,інші області,16394076,Київ,9.5376,6.111,8.8523,42.6329,1,1,43,В
Інститут психології імені Г.С. Костюка НАПН України,Суспільний,Наукова установа,Національна академія педагогічних наук України,інші області,02141213,Київ,9.6194,5.6223,8.82,42.4774,1,1,42,В
"Державна Установа ""Інститут досліджень науково-технічного потенціалу та історії науки ім. Г.М. Доброва НАН України""",Суспільний,Наукова установа,Національна академія наук України,інші області,13694464,Київ,9.4974,4.9333,8.5846,41.3437,1,1,41,В
Науково-дослідний інститут інтелектуальної власності Національної академії правових наук України,Суспільний,Наукова установа,Національна академія правових наук України,інші області,25882308,Київ,8.8447,5.714,8.2186,39.581,1,1,40,В
Інститут проблем виховання Національної академії педагогічних наук України,Суспільний,Наукова установа,Національна академія педагогічних наук України,інші області,24592608,Київ,9.3255,4.7083,8.4021,40.4647,1,1,40,В
Інститут обдарованої дитини Національної академії педагогічних наук України,Суспільний,Наукова установа,Національна академія педагогічних наук України,інші області,35392834,Київ,8.7097,4.9523,7.9582,38.3269,1,1,38,В
Державна науково-педагогічна бібліотека України імені В.О. Сухомлинського,Суспільний,Наукова установа,Національна академія педагогічних наук України,інші області,25805035,Київ,6.8884,6.5833,6.8274,32.8809,1,1,33,В
Київський науково-дослідний інститут судових експертиз Міністерства юстиції України,Суспільний,Наукова установа,Міністерство юстиції України,інші області,02883096,Київ,6.3518,6.4,6.3614,30.6367,1,1,31,В
Інститут інноваційної біоекономіки,Суспільний,Наукова установа,Національна академія аграрних наук України,інші області,32308100,Київ,6.703,5.8333,6.5291,31.4443,1,1,31,В
Одеський науково-дослідний інститут судових експертиз Міністерства юстиції України,Суспільний,Наукова установа,Міністерство юстиції України,"Дніпропетровська, Одеська, Чернігівська область",02883110,Одеська область,5.8336,5.1333,5.6935,27.4201,1.05,1,29,В
"Видавничий дім ""Академперіодика"" Національної академії наук України",Суспільний,Наукова установа,Національна академія наук України,інші області,22927803,Київ,5.8663,5,5.693,27.4176,1,1,27,В
"Державна наукова установа ""Інститут модернізації змісту освіти""",Суспільний,Наукова установа,Міністерство освіти і науки України,інші області,39736985,Київ,4.5098,6,4.8078,23.1545,1,1,23,Г
Науково-дослідний центр судової експертизи у сфері інформаційних технологій та інтелектуальної власності Міністерства юстиції України,Суспільний,Наукова установа,Міністерство юстиції України,інші області,33499693,Київ,4.4456,4.5833,4.4731,21.5426,1,1,22,Г
Український науково-дослідний інститут продуктивності агропромислового комплексу,Суспільний,Наукова установа,Міністерство аграрної політики та продовольства України,інші області,00689160,Київ,4.7409,3.7777,4.5483,21.9047,1,1,22,Г
"Державна установа ""Центр оцінювання діяльності наукових установ та наукового забезпечення розвитку регіонів України НАН України""",Суспільний,Наукова установа,Національна академія наук України,інші області,01209280,Київ,2.0699,5,2.6559,12.7909,1,1,13,Г
"Комунальна науково-дослідна установа ""Науково-дослідний інститут соціально-економічного розвитку міста""",Суспільний,Наукова установа,Київська міська державна адміністрація,інші області,33643377,Київ,2.3165,3.5417,2.5615,12.3363,1,1,12,Г
Національний університет біоресурсів і природокористування України,Аграрно-ветеринарний,Заклад вищої освіти,Міністерство освіти і науки України,інші області,00493706,Київ,48.5522,6.6297,40.1677,100,1,1,100,А
Сумський національний аграрний університет,Аграрно-ветеринарний,Заклад вищої освіти,Міністерство освіти і науки України,"Донецька, Запорізька, Луганська, Миколаївська, Сумська, Харківська, Херсонська область",04718013,Сумська область,32.4351,5.4333,27.0347,67.3046,1.1,1.009,75,А
Таврійський державний агротехнологічний університет імені Дмитра Моторного,Аграрно-ветеринарний,Заклад вищої освіти,Міністерство освіти і науки України,"тимчасово переміщений НУ / ЗВО, що утримує матеріально-технічну базу за своєю юридичною адресою",00493698,Запорізька область,30.7623,4.5237,25.5146,63.5202,1.15,1,73,Б
Миколаївський національний аграрний університет,Аграрно-ветеринарний,Заклад вищої освіти,Міністерство освіти і науки України,"Донецька, Запорізька, Луганська, Миколаївська, Сумська, Харківська, Херсонська область",00497213,Миколаївська область,29.5358,5.0667,24.642,61.3478,1.1,1,67,Б
Національний лісотехнічний університет України,Аграрно-ветеринарний,Заклад вищої освіти,Міністерство освіти і науки України,інші області,02070996,Львівська область,29.5051,6.1667,24.8374,61.8343,1,1,62,Б
Херсонський державний аграрно-економічний університет,Аграрно-ветеринарний,Заклад вищої освіти,Міністерство освіти і науки України,"тимчасово переміщений НУ / ЗВО, що утримує матеріально-технічну базу за своєю юридичною адресою",00493020,Херсонська область,19.1621,5.2,16.3697,40.7534,1.15,1.148,54,Б
Полтавський державний аграрний університет,Аграрно-ветеринарний,Заклад вищої освіти,Міністерство освіти і науки України,інші області,00493014,Полтавська область,22.1972,6.7,19.0978,47.5452,1,1,48,В
Уманський національний університет садівництва,Аграрно-ветеринарний,Заклад вищої освіти,Міністерство освіти і науки України,інші області,00493787,Черкаська область,22.548,5.2667,19.0917,47.53,1,1,48,В
Західноукраїнський національний університет,Аграрно-ветеринарний,Заклад вищої освіти,Міністерство освіти і науки України,інші області,33680120,Тернопільська область,20.7877,4.8333,17.5968,43.8083,1,1,44,В
Одеський державний аграрний університет,Аграрно-ветеринарний,Заклад вищої освіти,Міністерство освіти і науки України,"Дніпропетровська, Одеська, Чернігівська область",00493008,Одеська область,19.2441,4.3667,16.2686,40.5017,1.05,1.001,43,В
Дніпровський державний аграрно-економічний університет,Аграрно-ветеринарний,Заклад вищої освіти,Міністерство освіти і науки України,"Дніпропетровська, Одеська, Чернігівська область",00493675,Дніпропетровська область,15.9257,6.2777,13.9961,34.8442,1.05,1,37,В
Поліський національний університет,Аграрно-ветеринарний,Заклад вищої освіти,Міністерство освіти і науки України,інші області,00493681,Житомирська область,17.0376,5.3,14.6901,36.5719,1,1,37,В
Вінницький національний аграрний університет,Аграрно-ветеринарний,Заклад вищої освіти,Міністерство освіти і науки України,інші області,00497236,Вінницька область,15.9612,6.8667,14.1423,35.2081,1,1,35,В
Тернопільський національний технічний університет імені Івана Пулюя,Аграрно-ветеринарний,Заклад вищої освіти,Міністерство освіти і науки України,інші області,05408102,Тернопільська область,15.8243,4.0833,13.4761,33.5496,1,1,34,В
Білоцерківський національний аграрний університет,Аграрно-ветеринарний,Заклад вищої освіти,Міністерство освіти і науки України,інші області,00493712,Київська область,13.4994,6.1667,12.0329,29.9567,1,1,30,В
Національний університет водного господарства та природокористування,Аграрно-ветеринарний,Заклад вищої освіти,Міністерство освіти і науки України,інші області,02071116,Рівненська область,8.2675,4.4667,7.5073,18.6899,1,1,19,Г
"ЗАКЛАД ВИЩОЇ ОСВІТИ ""ПОДІЛЬСЬКИЙ ДЕРЖАВНИЙ УНІВЕРСИТЕТ""",Аграрно-ветеринарний,Заклад вищої освіти,Міністерство освіти і науки України,інші області,22769675,Хмельницька область,7.321,5.2667,6.9101,17.2031,1,1,17,Г
Львівський національний університет ветеринарної медицини та біотехнологій імені С.З. Гжицького,Аграрно-ветеринарний,Заклад вищої освіти,Міністерство освіти і науки України,інші області,00492990,Львівська область,6.8159,5.2,6.4927,16.164,1,1,16,Г
Національний університет «Чернігівська політехніка»,Аграрно-ветеринарний,Заклад вищої освіти,Міністерство освіти і науки України,"Дніпропетровська, Одеська, Чернігівська область",05460798,Чернігівська область,6.323,3,5.6584,14.0869,1.05,1.008,15,Г
"Державний вищий навчальний заклад ""Ужгородський національний університет""",Аграрно-ветеринарний,Заклад вищої освіти,Міністерство освіти і науки України,інші області,02070832,Закарпатська область,5.4168,5,5.3334,13.2778,1,1,13,Г
Буковинська державна сільськогосподарська дослідна станція Інституту сільського господарства Карпатського регіону Національної академії аграрних наук України,Аграрно-ветеринарний,Наукова установа,Національна академія аграрних наук України,інші області,00729868,Чернівецька область,9.808,4.5833,8.7631,33.566,1,1,34,В
Верхняцька дослідно-селекційна станція Інституту біоенергетичних культур і цукрових буряків Національної академії аграрних наук України,Аграрно-ветеринарний,Наукова установа,Національна академія аграрних наук України,інші області,00495817,Черкаська область,7.2253,5.6667,6.9136,26.4817,1,1,26,В
Волинська державна сільськогосподарська дослідна станція Інституту сільського господарства Карпатського регіону Національної академії аграрних наук України,Аграрно-ветеринарний,Наукова установа,Національна академія аграрних наук України,інші області,13368842,Волинська область,8.7196,3.5,7.6757,29.4008,1,1,29,В
Державна дослідна станція птахівництва Інституту тваринництва Національної академії аграрних наук України,Аграрно-ветеринарний,Наукова установа,Національна академія аграрних наук України,"Донецька, Запорізька, Луганська, Миколаївська, Сумська, Харківська, Херсонська область",39217680,Харківська область,13.3755,5.111,11.7226,44.902,1.1,1,49,В
"Державна наукова установа ""Український науково-дослідний інститут прогнозування та випробовування техніки і технологій для сільськогосподарського виробництва імені Леоніда Погорілого""",Аграрно-ветеринарний,Наукова установа,Міністерство аграрної політики та продовольства України,інші області,04604309,Київська область,10.7108,5.0477,9.5782,36.6881,1,1,37,В
"Державна установа ""Інститут охорони грунтів України""",Аграрно-ветеринарний,Наукова установа,Міністерство аграрної політики та продовольства України,інші області,25835792,Київ,7.0989,5.0743,6.694,25.6405,1,1.049,27,В
Державна установа Інститут зернових культур Національної академії аграрних наук України,Аграрно-ветеринарний,Наукова установа,Національна академія аграрних наук України,"Дніпропетровська, Одеська, Чернігівська область",00496662,Дніпропетровська область,17.5148,5.2083,15.0535,57.6606,1.05,1,61,Б
Державний науково-дослідний контрольний інститут ветеринарних препаратів та кормових добавок,Аграрно-ветеринарний,Наукова установа,Державна служба України з питань безпечності харчових продуктів та захисту споживачів,інші області,00485670,Львівська область,14.2214,4.3887,12.2549,46.9409,1,1.108,52,Б
Державний науково-дослідний інститут з лабораторної діагностики та ветеринарно-санітарної експертизи,Аграрно-ветеринарний,Наукова установа,Державна служба України з питань безпечності харчових продуктів та захисту споживачів,інші області,00699690,Київ,26.8699,4.9667,22.4893,86.1425,1,1,86,А
Державний науково-контрольний інститут біотехнології і штамів мікроорганізмів,Аграрно-ветеринарний,Наукова установа,Державна служба України з питань безпечності харчових продуктів та захисту споживачів,інші області,19024865,Київ,9.7087,6.2223,9.0114,34.517,1,1,35,В
Донецька державна сільськогосподарська дослідна станція Національної академії аграрних наук України,Аграрно-ветеринарний,Наукова установа,Національна академія аграрних наук України,"тимчасово переміщений НУ / ЗВО, що утримує матеріально-технічну базу за своєю юридичною адресою",00729333,Донецька область,13.9359,5.7777,12.3043,47.1301,1.15,1,54,Б
Дослідна станція карантину винограду і плодових культур Інституту захисту рослин Національної академії аграрних наук України,Аграрно-ветеринарний,Наукова установа,Національна академія аграрних наук України,"Дніпропетровська, Одеська, Чернігівська область",00495102,Одеська область,8.536,4.5,7.7288,29.6042,1.05,1,31,В
Дослідна станція лікарських рослин Інституту агроекології і природокористування Національної академії аграрних наук України,Аграрно-ветеринарний,Наукова установа,Національна академія аграрних наук України,інші області,00482312,Полтавська область,7.6374,6.3333,7.3766,28.2551,1,1,28,В
Дослідна станція помології ім. Л.П. Симиренка Інституту садівництва Національної академії аграрних наук України,Аграрно-ветеринарний,Наукова установа,Національна академія аграрних наук України,інші області,00497331,Черкаська область,5.8953,5.8887,5.894,22.5762,1,1,23,Г
Миронівський інститут пшениці імені В.М. Ремесла Національна академія аграрних наук України,Аграрно-ветеринарний,Наукова установа,Національна академія аграрних наук України,інші області,00496863,Київська область,11.6582,5.8667,10.4999,40.2186,1,1,40,В
"Національний науковий центр ""Інститут бджільництва імені П.І. Прокоповича""",Аграрно-ветеринарний,Наукова установа,Національна академія аграрних наук України,інші області,03079829,Київ,4.4513,5.3333,4.6277,17.7258,1,1,18,Г
"Національний науковий центр ""Інститут виноградарства і виноробства імені В.Є. Таїрова""",Аграрно-ветеринарний,Наукова установа,Національна академія аграрних наук України,"Дніпропетровська, Одеська, Чернігівська область",05431532,Одеська область,12.4396,4.9,10.9317,41.8725,1.05,1,44,В
"Національний науковий центр ""Інститут експериментальної і клінічної ветеринарної медицини""",Аграрно-ветеринарний,Наукова установа,Національна академія аграрних наук України,"Донецька, Запорізька, Луганська, Миколаївська, Сумська, Харківська, Херсонська область",00497087,Харківська область,27.2397,6.8333,23.1584,88.7054,1.1,1,98,А
"Національний науковий центр ""Інститут землеробства Національної академії аграрних наук України""",Аграрно-ветеринарний,Наукова установа,Національна академія аграрних наук України,інші області,00496834,Київська область,24.4597,4.8667,20.5411,78.6801,1,1,79,А
НАЦІОНАЛЬНИЙ НАУКОВИЙ ЦЕНТР «ІНСТИТУТ ҐРУН­ТО­ЗНАВ­СТВА ТА АГРОХІМІЇ ІМЕНІ О. Н. СОКОЛОВСЬКОГО»,Аграрно-ветеринарний,Наукова установа,Національна академія аграрних наук України,"Донецька, Запорізька, Луганська, Миколаївська, Сумська, Харківська, Херсонська область",00497058,Харківська область,28.372,7.1667,24.1309,92.4304,1.1,1,100,А
Носівська селекційно-дослідна станція Миронівського інституту пшениці імені В.М. Ремесла Національної академії аграрних наук України,Аграрно-ветеринарний,Наукова установа,Національна академія аграрних наук України,"Дніпропетровська, Одеська, Чернігівська область",14244013,Чернігівська область,11.2891,5.6667,10.1646,38.9342,1.05,1,41,В
Одеська державна сільськогосподарська дослідна станція Інституту кліматично орієнтованого сільського господарства Національної академії аграрних наук,Аграрно-ветеринарний,Наукова установа,Національна академія аграрних наук України,"Дніпропетровська, Одеська, Чернігівська область",00729511,Одеська область,13.4211,6.6663,12.0701,46.233,1.05,1,49,В
"Панфильська дослідна станція Національного наукового центру ""Інститут землеробства Національної академії аграрних наук України""",Аграрно-ветеринарний,Наукова установа,Національна академія аграрних наук України,інші області,00496871,Київська область,5.2497,5.111,5.222,20.0022,1,1,20,Г
Потавська державна сільськогосподарська дослідна станція імені М.І. Вавилова Інституту свинарства і агропромислового виробництва Національної академії аграрних наук України,Аграрно-ветеринарний,Наукова установа,Національна академія аграрних наук України,інші області,00729534,Полтавська область,6.9857,5.1667,6.6219,25.3644,1,1,25,В
Прикарпатська державна сільськогосподарська дослідна станція Інституту сільського господарства Карпатського регіону Національної академії аграрних наук України,Аграрно-ветеринарний,Наукова установа,Національна академія аграрних наук України,інші області,00704273,Івано-Франківська область,13.2314,4.611,11.5073,44.0773,1,1,44,В
Прилуцька дослідна станція Інституту садівництва Національної академії аграрних наук України,Аграрно-ветеринарний,Наукова установа,Національна академія аграрних наук України,"Дніпропетровська, Одеська, Чернігівська область",00495214,Чернігівська область,7.9895,4.111,7.2138,27.6316,1.05,1,29,В
Селекційно-генетичний інститут - Національний центр насіннєзнавства та сортовивчення,Аграрно-ветеринарний,Наукова установа,Національна академія аграрних наук України,"Дніпропетровська, Одеська, Чернігівська область",00494628,Одеська область,12.6944,7,11.5555,44.2619,1.05,1.13,53,Б
Тернопільська державна сільськогосподарська дослідна станція Інституту сільського господарства Карпатського регіону Національної академії наук України,Аграрно-ветеринарний,Наукова установа,Національна академія аграрних наук України,інші області,04766584,Тернопільська область,10.4025,4.9167,9.3053,35.6428,1,1,36,В
Українська науково-дослідна станція карантину рослин Інституту захисту рослин Національної академії аграрних наук,Аграрно-ветеринарний,Наукова установа,Національна академія аграрних наук України,інші області,00495832,Чернівецька область,7.066,6.6667,6.9861,26.7594,1,1,27,В
Український науково-дослідний інститут гірського лісівництва імені П.С. Пастернака,Аграрно-ветеринарний,Наукова установа,Міністерство захисту довкілля та природних ресурсів України,інші області,00994147,Івано-Франківська область,13.2634,6.0667,11.8241,45.2907,1,1,45,В
"Український ордена ""Знак Пошани"" науково-дослідний інститут лісового господарства та агролісомеліорації імені Г.М. Висоцького Державного агенства лісових ресурсів України та Національної академії наук України",Аграрно-ветеринарний,Наукова установа,Національна академія наук України,"Донецька, Запорізька, Луганська, Миколаївська, Сумська, Харківська, Херсонська область",00994064,Харківська область,16.1159,5.111,13.9149,53.2993,1.1,1.038,61,Б
Український інститут експертизи сортів рослин,Аграрно-ветеринарний,Наукова установа,Міністерство аграрної політики та продовольства України,інші області,00488332,Київ,12.8743,6.7,11.6394,44.5833,1,1,45,В
Устимівська дослідна станція рослинництва Інституту рослинництва імені В.Я. Юр'єва Національної академії аграрних наук України,Аграрно-ветеринарний,Наукова установа,Національна академія аграрних наук України,інші області,00497012,Полтавська область,5.0412,6.5,5.333,20.4274,1,1,20,Г
Хмельницька державна сільськогосподарська станція Інституту кормів та сільського господарства Поділля Національної академії аграрних наук України,Аграрно-ветеринарний,Наукова установа,Національна академія аграрних наук України,інші області,21321872,Хмельницька область,3.9514,4.5557,4.0723,15.5984,1,1,16,Г
"Черкаська державна сільськогосподарська дослідна станція Національного наукового центру ""Інститут землеробства Національної академії аграрних наук України""",Аграрно-ветеринарний,Наукова установа,Національна академія аграрних наук України,інші області,14198402,Черкаська область,6.7425,4.4167,6.2773,24.0444,1,1,24,Г
Черкаська дослідна станція біоресурсів Національної академії наук України,Аграрно-ветеринарний,Наукова установа,Національна академія аграрних наук України,інші області,01598301,Черкаська область,9.6514,4,8.5211,32.639,1,1,33,В
Інститут аграрних ресурсів та регіонального розвитку Національної академії аграрних наук України,Аграрно-ветеринарний,Наукова установа,Національна академія аграрних наук України,інші області,00729391,Закарпатська область,7.4837,4.7037,6.9277,26.5357,1,1,27,В
Інститут агроекології і природокористування Національної академії аграрних наук України,Аграрно-ветеринарний,Наукова установа,Національна академія аграрних наук України,інші області,13722479,Київ,22.4295,4.6333,18.8703,72.2803,1,1,72,Б
Інститут біоенергетичних культур і цукрових буряків Національної академії аграрних наук України,Аграрно-ветеринарний,Наукова установа,Національна академія аграрних наук України,інші області,00489780,Київ,27.2374,6.8573,23.1614,88.7169,1,1,89,А
Інститут біології тварин Національної академії аграрних наук України,Аграрно-ветеринарний,Наукова установа,Національна академія аграрних наук України,інші області,30995014,Львівська область,19.4269,5.6667,16.6749,63.8711,1,1,64,Б
Інститут ветеринарної медицини Національної академії аграрних наук України,Аграрно-ветеринарний,Наукова установа,Національна академія аграрних наук України,інші області,05510830,Київ,18.5045,4.3667,15.6769,60.0484,1,1,60,Б
Інститут водних проблем і меліорації Національної академії аграрних наук України,Аграрно-ветеринарний,Наукова установа,Національна академія аграрних наук України,інші області,01018947,Київ,31.0135,6.4817,26.1071,100,1,1,100,А
ІНСТИТУТ ЗАХИСТУ РОСЛИН НАЦІОНАЛЬНОЇ АКАДЕМІЇ АГРАРНИХ НАУК УКРАЇНИ,Аграрно-ветеринарний,Наукова установа,Національна академія аграрних наук України,інші області,05523406,Київ,21.2785,5.7667,18.1761,69.6213,1,1,70,Б
Інститут картоплярства Національної академії аграрних наук України,Аграрно-ветеринарний,Наукова установа,Національна академія аграрних наук України,інші області,00496828,Київська область,14.4499,6.7333,12.9066,49.4371,1,1,49,В
Інститут кормів та сільського господарства Поділля Національної академії аграрних наук України,Аграрно-ветеринарний,Наукова установа,Національна академія аграрних наук України,інші області,00496588,Вінницька область,17.2563,4.5557,14.7162,56.3686,1,1,56,Б
Інститут луб'яних культур Національної академії аграрних наук України,Аграрно-ветеринарний,Наукова установа,Національна академія аграрних наук України,"Донецька, Запорізька, Луганська, Миколаївська, Сумська, Харківська, Херсонська область",00497845,Сумська область,13.7945,5.3333,12.1023,46.3564,1.1,1.016,52,Б
Інститут овочівництва і баштанництва Національної академії аграрних наук України,Аграрно-ветеринарний,Наукова установа,Національна академія аграрних наук України,"Донецька, Запорізька, Луганська, Миколаївська, Сумська, Харківська, Херсонська область",00497124,Харківська область,13.9342,4.6667,12.0807,46.2736,1.1,1.008,51,Б
Інститут олійних культур Національної академії аграрних наук України,Аграрно-ветеринарний,Наукова установа,Національна академія аграрних наук України,"Донецька, Запорізька, Луганська, Миколаївська, Сумська, Харківська, Херсонська область",01296051,Запорізька область,22.3789,3.4667,18.5965,71.2316,1.1,1,78,А
Інститут рибного господарства Національної академії аграрних наук України,Аграрно-ветеринарний,Наукова установа,Національна академія аграрних наук України,інші області,04372342,Київ,16.384,5.7667,14.2605,54.6231,1,1,55,Б
Інститут розведення і генетики тварин імені М.В. Зубця НААН,Аграрно-ветеринарний,Наукова установа,Національна академія аграрних наук України,інші області,05408024,Київська область,15.0899,6.8333,13.4386,51.4749,1,1,51,Б
Інститут рослинництва ім. В.Я. Юр'єва Національної академії аграрних наук України,Аграрно-ветеринарний,Наукова установа,Національна академія аграрних наук України,"Донецька, Запорізька, Луганська, Миколаївська, Сумська, Харківська, Херсонська область",00497176,Харківська область,16.0976,7.1333,14.3047,54.7924,1.1,1.3,78,А
Інститут садівництва Національної академії аграрних наук України,Аграрно-ветеринарний,Наукова установа,Національна академія аграрних наук України,інші області,00413297,Київська область,20.4388,7,17.751,67.993,1,1,68,Б
Інститут свинарства і агропромислового виробництва Національної академії аграрних наук України,Аграрно-ветеринарний,Наукова установа,Національна академія аграрних наук України,інші області,00497006,Полтавська область,17.0949,4.611,14.5981,55.9162,1,1,56,Б
Інститут сільського господарства Західного Полісся Національної академії аграрних наук України,Аграрно-ветеринарний,Наукова установа,Національна академія аграрних наук України,інші області,00729600,Рівненська область,9.0122,4.4667,8.1031,31.0379,1,1,31,В
Інститут сільського господарства Карпатського регіону Національної академії аграрних наук України,Аграрно-ветеринарний,Наукова установа,Національна академія аграрних наук України,інші області,00496952,Львівська область,25.4891,4.7777,21.3468,81.7663,1,1,82,А
Інститут сільського господарства Полісся Національної академії аграрних наук України,Аграрно-ветеринарний,Наукова установа,Національна академія аграрних наук України,інші області,05453752,Житомирська область,9.5156,5.389,8.6903,33.2871,1,1,33,В
Інститут сільського господарства Північного Сходу Національної академії аграрних наук України,Аграрно-ветеринарний,Наукова установа,Національна академія аграрних наук України,"Донецька, Запорізька, Луганська, Миколаївська, Сумська, Харківська, Херсонська область",00724927,Сумська область,12.803,5.1667,11.2757,43.1902,1.1,1,48,В
Інститут сільського господарства Степу Національної академії аграрних наук України,Аграрно-ветеринарний,Наукова установа,Національна академія аграрних наук України,інші області,00729907,Кіровоградська область,16.2817,4.6667,13.9587,53.4671,1,1,53,Б
Інститут сільськогосподарської мікробіології та агропромислового виробництва Національної академії аграрних наук України,Аграрно-ветеринарний,Наукова установа,Національна академія аграрних наук України,"Дніпропетровська, Одеська, Чернігівська область",00497360,Чернігівська область,18.6678,4.6297,15.8602,60.7505,1.05,1.22,78,А
Інститут Тваринництва Національної академії аграрних наук України,Аграрно-ветеринарний,Наукова установа,Національна академія аграрних наук України,"Донецька, Запорізька, Луганська, Миколаївська, Сумська, Харківська, Херсонська область",00497199,Харківська область,8.4894,5.0477,7.8011,29.8811,1.1,1,33,В
"Інститут тваринництва степових районів імені М.Ф. Іванова ""Асканія-Нова"" - Національний науковий селекційно-генетичний центр вівчарства",Аграрно-ветеринарний,Наукова установа,Національна академія аграрних наук України,"тимчасово переміщений НУ / ЗВО, що утримує матеріально-технічну базу за своєю юридичною адресою",00497265,Херсонська область,6.3266,4.875,6.0363,23.1213,1.15,1,27,В
